INSERT INTO `osbb_example`.`building`(`id`, `adress_building`,`total_number_flat`)
VALUES (1,'Кiev str. Betkhovena, 12/1',34),
(2,'Кiev str. Betkhovena, 12/2',34),
(3,'Кiev str. Betkhovena, 12/3',34);

INSERT INTO `osbb_example`.`flat` (`id`,`number_flat`,`square`,`building_id`)
VALUES (1,2,40,1),
(2,3,40,1),(3,4,40,1),(4,5,40,1),(5,1,40,1),(6,6,40,1),
(7,7,40,1),(8,8,40,1),(9,9,45,1),(10,10,45,1),(11,11,45,1),
(12,12,45,1),(13,13,45,1),(14,14,45,1),(15,15,45,1),(16,16,45,1),
(17,17,30,1),(18,18,30,1),(19,19,30,1),(20,20,30,1),(21,21,30,1),
(22,22,30,1),(23,23,30,1),(24,24,55,1),(25,25,55,1),(26,26,55,1),
(27,27,55,1),(28,28,55,1),(29,29,70,1),(30,30,70,1),(31,31,70,1),
(32,32,70,1),(33,33,80,1),(34,34,80,1),(35,1,80,2),(36,2,80,2),
(37,3,80,2),(38,4,80,2),(39,5,80,2),(40,6,80,2),(41,7,70,2),
(42,8,70,2),(43,9,70,2),(44,10,70,2),(45,11,70,2),(46,12,60,2),
(47,13,60,2),(48,14,60,2),(49,15,60,2),(50,16,60,2),(51,17,60,2),
(52,18,60,2),(53,19,50,2),(54,20,50,2),(55,21,50,2),(56,22,50,2),
(57,23,40,2),(58,24,40,2),(59,25,40,2),(60,26,40,2),(61,27,40,2),
(62,28,40,2),(63,29,40,2),(64,30,40,2),(65,31,30,2),(66,32,30,2),
(67,33,30,2),(68,34,30,2),(69,1,30,3),(70,2,30,3),(71,3,30,3),
(72,4,30,3),(73,5,30,3),(74,6,30,3),(75,7,30,3),(76,8,30,3),
(77,9,30,3),(78,10,40,3),(79,11,40,3),(80,12,40,3),(81,13,40,3),
(82,14,40,3),(83,15,40,3),(84,16,40,3),(85,17,40,3),(87,18,40,3),
(88,19,50,3),(89,20,50,3),(90,21,50,3),(91,22,50,3),(92,23,50,3),
(93,24,50,3),(94,25,60,3),(95,26,60,3),(96,27,60,3),(97,28,60,3),
(98,29,60,3),(99,30,80,3),(100,31,80,3),(101,32,80,3),(102,33,70,3),(103,34,70,3);

INSERT INTO `osbb_example`.`resident`(`id`,`resident_data`, `flat_id`, `contact_data`, `residence` )
VALUES (1,'Kavon Rolfson',1,'Kavon@.com','1'),
(2,'Linda Pfeffer',1,'Linda@.com','1'),(3,'Gennaro Hackett',2,'Gennaro@.com','1'),
(4,'Glenda Mosciski',3,'Glenda@.com','1'),(5,'Lucile Schultz',4,'Lucile@.com 380509427','1'),
(6,'Brandi Satterfield',5,'Brandi@.com 380509428','1'),(7,'Josefa Effertz',6,'Josefa@.com 380509828','1'),
(8,'Liana Daniel',7,'Liana@.com 380505828','1'),(9,'Milan Schroeder',8,'Milan@.com 380595828','1'),
(10,'Stanton Muller',9,'Stanton@.com 380595828','1'),(11,'Jon Goyette',10,'Jon@.com 380595728','1'),
(12,'Glenda Waters',11,'Glenda@.com 380995728','1'),(13,'Glenda Waters',11,'Glenda@.com 380995728','0'),
(14,'Brooks Larson',12,'Brooks@.com 380995528','0'),(15,'Brooks Larson',12,'Brooks@.com 380995528','1'),
(16,'Mariane Rosenbaum',13,'Mariane@.com 380995528','1'),(17,'Mariane Rosenbaum',14,'Mariane@.com 380995528','0'),
(18,'Helen Tremblay',15,'Helen@.com 380995528','1'),(19,'Helen Tremblay',16,'Helen@.com 380995528','0'),
(20,'Miracle Dibbert',17,'Miracle@.com 380995528','0'),(21,'Miracle Dibbert',18,'Miracle@.com 380995528','1'),
(22,'Carleton Daniel',19,'Carleton@.com 380995528','1'),(23,'Doug Block',20,'Doug@.com 380995528','1'),
(24,'Doug Block',21,'Doug@.com 380995528','0'),(25,'Erik Kihn',22,'Erik@.com 380995777','0'),
(26,'Erik Kihn',23,'Erik@.com 380995777','1'),(27,'Erik Kihn',24,'Erik@.com 380995777','0'),
(28,'Erik Kihn',25,'Erik@.com 380995777','0'),(29,'Talon Kautzer',26,'Talon@.com 380995365','0'),
(30,'Talon Kautzer',27,'Talon@.com 380995365','0'),(31,'Talon Kautzer',28,'Talon@.com 380995365','0'),
(32,'Talon Kautzer',29,'Talon@.com 380995365','1'),(33,'Evangeline Sporer',30,'Evangeline@.com 380995365','1'),
(34,'Evangeline Sporer',31,'Evangeline@.com 380995365','0'),(35,'Evangeline Sporer',32,'Evangeline@.com 380995365','0'),
(36,'Evangeline Sporer',33,'Evangeline@.com 380995365','0'),(37,'Marilie Huels',34,'Marilie@.com 380995365','1'),
(38,'Marilie Huels',35,'Marilie@.com 380995365','0'),(39,'Alf Rempel',36,'Alf@.com 380998965','1'),
(40,'Alf Rempel',37,'Alf@.com 380998965','0'),(41,'Alf Rempel',38,'Alf@.com 380998965','0'),
(42,'Carmelo Schowalter',39,'Carmelo@.com 380998965','0'),(43,'Carmelo Schowalter',40,'Carmelo@.com 380998965','0'),
(44,'Carmelo Schowalter',41,'Carmelo@.com 380998965','1'),(45,'Darrell Dietrich',42,'Darrell@.com 380966965','1'),
(46,'Darrell Dietrich',43,'Darrell@.com 380966965','0'),(47,'Darrell Dietrich',44,'Darrell@.com 380966965','0'),
(48,'Margarita Keeling',45,'Margarita@.com 380966945','0'),(49,'Margarita Keeling',46,'Margarita@.com 380966945','0'),
(50,'Margarita Keeling',47,'Margarita@.com 380966945','1'),(51,'Lavon Turcotte',48,'Lavon@.com 380966945','1'),
(52,'Lavon Turcotte',49,'Lavon@.com 380966945','0'),(53,'Reece Lemke',50,'Reece@.com 380966923','0'),
(54,'Reece Lemke',51,'Reece@.com 380966923','1'),(55,'Reece Lemke',52,'Reece@.com 380966923','0'),
(56,'Johnnie Lesch',53,'Johnnie@.com 380966923','1'),(57,'Antonia Moen',54,'Antonia@.com 380966923','1'),
(58,'Antonia Moen',55,'Antonia@.com 380966923','0'),(59,'Mustafa Prosacco',56,'Mustafa@.com 380966923','0'),
(60,'Mustafa Prosacco',57,'Mustafa@.com 380966923','1'),(61,'Vivian Zboncak',58,'Vivian@.com 380966923','1'),
(62,'Ricky Haley',59,'Ricky@.com 380966923','1'),(63,'Gonzalo Schoen',60,'Gonzalo@.com 380966945','1'),
(64,'Olga Upton',61,'Olga@.com 380966945','1'),(65,'Ignacio Hahn',62,'Ignacio@.com 380966945','1'),
(66,'Monserrate Altenwerth',63,'Monserrate@.com 380966945','1'),(67,'Monserrate Altenwerth',64,'Monserrate@.com 380966945','0'),
(68,'Monserrate Altenwerth',65,'Monserrate@.com 380966945','0'),(69,'Fatima Ebert',66,'Fatima@.com 380966945','1'),
(70,'Ford Hilpert',67,'Ford@.com 380966945','1'),(71,'Julio Oberbrunner',68,'Julio@.com 380966945','1'),
(72,'Shanie Renner',69,'Shanie@.com 380966939','1'),(73,'Abigail Gislason',70,'Abigail@.com 380966939','1'),
(74,'Jaime Pacocha',71,'Jaime@.com 380966939','1'),(75,'Ayden Goodwin',72,'Ayden@.com 380966939','1'),
(76,'Makenna Heller',73,'Makenna@.com 380966939','1'),(77,'Makenna Heller',74,'Makenna@.com 380966939','0'),
(78,'Makenna Heller',75,'Makenna@.com 380966939','0'),(79,'Carlotta Baumbach',76,'Carlotta@.com 380966939','1'),
(80,'Lucio Dach',77,'Lucio@.com 380966939','1'),(81,'Damian Hamill',78,'Damian@.com 380966999','1'),
(82,'Ford Friesen',79,'Ford@.com 380966999','1'),(83,'Brooks Muller',80,'Brooks@.com 380966999','1'),
(84,'Joannie Ankunding',81,'Joannie@.com 380966999','1'),(85,'Luther Dickinson',82,'Luther@.com 380966999','1'),
(86,'Shane Kuvalis',83,'Shane@.com 380966999','1'),(87,'Mercedes Kuhic',84,'Mercedes@.com 380966987','1'),
(88,'Dominique Kirlin',85,'Dominique@.com 380966987','1'),(89,'Dominique Kirlin',87,'Dominique@.com 380966987','0'),
(90,'Charity Schaefer',88,'Charity@.com 380966987','1'),(91,'Jovan Howell',89,'Jovan@.com 380966987','1'),
(92,'Misael Langosh',90,'Misael@.com 380966987','1'),(93,'Eli Ebert',91,'Eli@.com 380966987','1'),
(94,'Amalia Boyle',92,'Amalia@.com 380966933','1'),(95,'Amalia Boyle',93,'Amalia@.com 380966933','0'),
(96,'Amalia Boyle',94,'Amalia@.com 380966933','0'),(97,'Walker Rutherford',95,'Walker@.com 380966933','1'),
(98,'Otha Krajcik',96,'Otha@.com 380966933','1'),(99,'Cleveland Johnson',97,'Cleveland@.com 380966933','1'),
(100,'Thomas Schaden',98,'Thomas@.com 380966934','1'),(101,'Thomas Schaden',99,'Thomas@.com 380966934','0'),
(102,'Mallie Waelchi',100,'Mallie@.com 380966934','0'),(103,'Mallie Waelchi',101,'Mallie@.com 380966934','1'),
(104,'Keara Ferry',102,'Keara@.com 380966934','1'),(105,'Alexis Walter',103,'Alexis@.com 380966934','1');

INSERT INTO `osbb_example`.`charter`(`resident_id`,`autopark`,`ownership`)
VALUES (1,'1',1),(2,'1',1),(3,'1',1),(4,'1',1),(5,'1',1),(6,'1',1),(7,'1',1),
(8,'1',1),(9,'1',1),(10,'0',1),(11,'0',1),(13,'0',1),(14,'0',1),(15,'0',2),
(16,'0',2),(17,'0',1),(18,'0',2),(19,'0',1),(20,'0',1),(21,'0',2),(22,'1',1),
(23,'1',2),(24,'1',1),(25,'1',1),(26,'1',4),(27,'1',1),(28,'0',1),(29,'0',1),
(30,'0',1),(31,'0',1),(32,'0',4),(33,'0',4),(34,'0',1),(35,'0',1),(36,'0',1),(37,'0',2),
(38,'0',1),(39,'1',3),(40,'1',1),(41,'1',1),(42,'1',1),(43,'1',1),(44,'1',3),(45,'1',3),
(46,'1',1),(47,'1',1),(48,'0',1),(49,'0',1),(50,'0',3),(51,'0',2),(52,'0',1),(53,'0',1),
(54,'0',3),(55,'0',1),(56,'0',1),(57,'0',2),(58,'0',1),(59,'0',1),(60,'0',2),(61,'0',1),
(62,'0',1),(63,'0',1),(64,'0',1),(65,'1',1),(66,'1',3),(67,'1',1),(68,'1',1),(69,'1',1),
(70,'1',1),(71,'1',1),(72,'1',1),(73,'1',1),(74,'1',1),(75,'1',1),(76,'1',3),(77,'1',1),
(78,'0',1),(79,'0',1),(80,'0',1),(81,'0',1),(83,'0',1),(84,'0',1),(85,'0',1),(86,'0',1),
(87,'0',1),(88,'1',2),(89,'1',1),(90,'1',1),(91,'1',1),(92,'1',1),(93,'1',1),(94,'1',3),
(95,'1',1),(96,'1',1),(97,'1',1),(98,'1',1),(99,'1',1),(100,'1',2),(101,'1',1),(102,'1',1),
(103,'1',2),(104,'1',1),(105,'1',2),(12,'1',2),(82,'0',1);

INSERT INTO `osbb_example`.`role`(`resident_id`,`role` )
VALUES (1,'MEMBER'),(2,'MEMBER'),(3,'MEMBER'),(4,'MEMBER'),(5,'MEMBER'),(6,'MEMBER'),
(7,'MEMBER'),(8,'MEMBER'),(9,'MEMBER'),(10,'MEMBER'),(11,'MEMBER'),(12,'MEMBER'),(13,'MEMBER'),
(14,'TRUSTEE'),(15,'TRUSTEE'),(16,'TRUSTEE'),(17,'TRUSTEE'),(18,'TRUSTEE'),(19,'TRUSTEE'),(20,'TRUSTEE'),
(21,'TRUSTEE'),(22,'STAFF'),(23,'DIRECTOR'),(24,'DIRECTOR'),(25,'MEMBER'),(26,'MEMBER'),(27,'MEMBER'),(28,'MEMBER'),
(29,'TRUSTEE'),(30,'TRUSTEE'),(31,'TRUSTEE'),(32,'TRUSTEE'),(33,'TRUSTEE'),(34,'TRUSTEE'),(35,'TRUSTEE'),(36,'TRUSTEE'),
(37,'MEMBER'),(38,'MEMBER'),(39,'MEMBER'),(40,'MEMBER'),(41,'MEMBER'),(42,'MEMBER'),(43,'MEMBER'),(44,'MEMBER'),(45,'TRUSTEE'),
(46,'TRUSTEE'),(47,'TRUSTEE'),(48,'TRUSTEE'),(49,'TRUSTEE'),(50,'TRUSTEE'),(51,'DIRECTOR'),(52,'DIRECTOR'),(53,'MEMBER'),
(54,'MEMBER'),(55,'MEMBER'),(56,'STAFF'),(57,'TRUSTEE'),(58,'TRUSTEE'),(59,'TRUSTEE'),(60,'TRUSTEE'),(61,'STAFF'),(62,'STAFF'),
(63,'STAFF'),(64,'STAFF'),(65,'STAFF'),(66,'TRUSTEE'),(67,'TRUSTEE'),(68,'TRUSTEE'),(69,'TRUSTEE'),(70,'TRUSTEE'),(71,'TRUSTEE'),
(72,'MEMBER'),(73,'MEMBER'),(74,'MEMBER'),(75,'MEMBER'),(77,'MEMBER'),(78,'MEMBER'),(79,'MEMBER'),(80,'MEMBER'),(81,'MEMBER'),
(82,'MEMBER'),(83,'MEMBER'),(84,'MEMBER'),(85,'MEMBER'),(86,'TRUSTEE'),(87,'TRUSTEE'),(88,'TRUSTEE'),(89,'TRUSTEE'),(90,'TRUSTEE'),
(91,'TRUSTEE'),(92,'TRUSTEE'),(93,'STAFF'),(94,'STAFF'),(95,'STAFF'),(96,'STAFF'),(97,'STAFF'),(98,'STAFF'),(99,'STAFF'),
(100,'DIRECTOR'),(101,'DIRECTOR'),(102,'MEMBER'),(103,'MEMBER'),(104,'MEMBER'),(105,'MEMBER');